{
  "pm25Value": {
    "daily_cv_median": 0.3436166867072258,
    "daily_cv_q25": 0.30406445408860344,
    "daily_cv_q75": 0.4080888777987745,
    "daily_cv_max": 0.511768508682797,
    "weekly_cv_median": 0.6043558409402092,
    "weekly_cv_q25": 0.541403786530173,
    "weekly_cv_q75": 0.671590378351183,
    "n_stations": 349,
    "level_cv_data": {
      "(0.999, 6.0]": {
        "mean": 4.311709596429235,
        "cv": 0.37929527868203594
      },
      "(6.0, 8.0]": {
        "mean": 7.527465563819498,
        "cv": 0.06632368244569763
      },
      "(8.0, 10.0]": {
        "mean": 9.504868081014484,
        "cv": 0.05260252462881961
      },
      "(10.0, 13.0]": {
        "mean": 11.951300547422877,
        "cv": 0.0679305612311329
      },
      "(13.0, 15.0]": {
        "mean": 14.481394974226804,
        "cv": 0.0345034966881077
      },
      "(15.0, 19.0]": {
        "mean": 17.380175983436853,
        "cv": 0.06315043597498335
      },
      "(19.0, 23.0]": {
        "mean": 21.405667903846822,
        "cv": 0.05228803038827544
      },
      "(23.0, 30.0]": {
        "mean": 26.737730426859187,
        "cv": 0.07386871085870099
      },
      "(30.0, 41.0]": {
        "mean": 35.47289679431056,
        "cv": 0.08780563768843917
      },
      "(41.0, 222.0]": {
        "mean": 57.29247712940759,
        "cv": 0.2581788864679943
      }
    }
  },
  "pm10Value": {
    "daily_cv_median": 0.2946488840860728,
    "daily_cv_q25": 0.2625606278073789,
    "daily_cv_q75": 0.3317285106826606,
    "daily_cv_max": 0.3939352044544927,
    "weekly_cv_median": 0.5034689765804801,
    "weekly_cv_q25": 0.4587265827422258,
    "weekly_cv_q75": 0.5457899960727928,
    "n_stations": 348,
    "level_cv_data": {
      "(0.999, 13.0]": {
        "mean": 9.487194359589084,
        "cv": 0.32006059808112625
      },
      "(13.0, 17.0]": {
        "mean": 15.608519361500083,
        "cv": 0.07154371625137941
      },
      "(17.0, 21.0]": {
        "mean": 19.50222068186486,
        "cv": 0.05704256138522439
      },
      "(21.0, 24.0]": {
        "mean": 22.989620081411125,
        "cv": 0.03562848865784802
      },
      "(24.0, 28.0]": {
        "mean": 26.487589268997244,
        "cv": 0.041112924801622715
      },
      "(28.0, 33.0]": {
        "mean": 30.889169265664872,
        "cv": 0.0457635993097192
      },
      "(33.0, 39.0]": {
        "mean": 36.34885900379551,
        "cv": 0.046971248997671425
      },
      "(39.0, 49.0]": {
        "mean": 44.171825119541836,
        "cv": 0.06516497693829919
      },
      "(49.0, 65.0]": {
        "mean": 56.61865885673531,
        "cv": 0.08052377945703137
      },
      "(65.0, 985.0]": {
        "mean": 93.60831177839111,
        "cv": 0.5415214658660162
      }
    }
  },
  "so2Value": {
    "daily_cv_median": 0.1148679447497381,
    "daily_cv_q25": 0.0879971591762224,
    "daily_cv_q75": 0.15117125951797383,
    "daily_cv_max": 0.2438541088974666,
    "weekly_cv_median": 0.16440791443721436,
    "weekly_cv_q25": 0.12745498829437096,
    "weekly_cv_q75": 0.2210994954083707,
    "n_stations": 346,
    "level_cv_data": {
      "(-0.0009, 0.0018]": {
        "mean": 0.0015238369835124097,
        "cv": 0.1590183407051838
      },
      "(0.0018, 0.0021]": {
        "mean": 0.00200806552544117,
        "cv": 0.04046709565771727
      },
      "(0.0021, 0.0023]": {
        "mean": 0.002251768544497336,
        "cv": 0.02219104918912175
      },
      "(0.0023, 0.0025]": {
        "mean": 0.0024502076515562857,
        "cv": 0.020406407453306977
      },
      "(0.0025, 0.0027]": {
        "mean": 0.0026489914545399645,
        "cv": 0.018871410331343357
      },
      "(0.0027, 0.003]": {
        "mean": 0.0028951310652537646,
        "cv": 0.028090458034054414
      },
      "(0.003, 0.0032]": {
        "mean": 0.003147639271045181,
        "cv": 0.015867363477852274
      },
      "(0.0032, 0.0036]": {
        "mean": 0.0034373722588886524,
        "cv": 0.032351704556744125
      },
      "(0.0036, 0.0041]": {
        "mean": 0.003878622777147181,
        "cv": 0.036225322848052036
      },
      "(0.0041, 0.0976]": {
        "mean": 0.00541932644748327,
        "cv": 0.47486530981169567
      }
    }
  },
  "no2Value": {
    "daily_cv_median": 0.3651587395988704,
    "daily_cv_q25": 0.32110797805499997,
    "daily_cv_q75": 0.4004551841025896,
    "daily_cv_max": 0.4666728593354454,
    "weekly_cv_median": 0.5067070376032858,
    "weekly_cv_q25": 0.45295713031807155,
    "weekly_cv_q75": 0.5648043032402136,
    "n_stations": 347,
    "level_cv_data": {
      "(-0.0009, 0.0045]": {
        "mean": 0.003429541048991033,
        "cv": 0.2481750357252443
      },
      "(0.0045, 0.006]": {
        "mean": 0.005329239661950224,
        "cv": 0.0803417280093877
      },
      "(0.006, 0.0073]": {
        "mean": 0.006696539685799363,
        "cv": 0.055695862071345185
      },
      "(0.0073, 0.0087]": {
        "mean": 0.008032669687264784,
        "cv": 0.05011569497139594
      },
      "(0.0087, 0.0104]": {
        "mean": 0.009568227560343456,
        "cv": 0.05109887143463986
      },
      "(0.0104, 0.0126]": {
        "mean": 0.011497408118291036,
        "cv": 0.055098006839434166
      },
      "(0.0126, 0.0156]": {
        "mean": 0.014060964076403915,
        "cv": 0.06157386600677546
      },
      "(0.0156, 0.0202]": {
        "mean": 0.01777535742540687,
        "cv": 0.07430926452878386
      },
      "(0.0202, 0.0281]": {
        "mean": 0.02375081352595466,
        "cv": 0.09507294328341126
      },
      "(0.0281, 0.15]": {
        "mean": 0.03737389022303389,
        "cv": 0.21223801200491976
      }
    }
  },
  "coValue": {
    "daily_cv_median": 0.1623459264451007,
    "daily_cv_q25": 0.13506405020760753,
    "daily_cv_q75": 0.18656301062417566,
    "daily_cv_max": 0.258881974176607,
    "weekly_cv_median": 0.24115075439269995,
    "weekly_cv_q25": 0.2105614818593302,
    "weekly_cv_q75": 0.2822569075744847,
    "n_stations": 345,
    "level_cv_data": {
      "(0.009000000000000001, 0.26]": {
        "mean": 0.21876546358882798,
        "cv": 0.1880063085377702
      },
      "(0.26, 0.31]": {
        "mean": 0.29098818995687564,
        "cv": 0.048255145208977814
      },
      "(0.31, 0.35]": {
        "mean": 0.33532118982079656,
        "cv": 0.033295657866720806
      },
      "(0.35, 0.38]": {
        "mean": 0.3700340675156219,
        "cv": 0.022022296396228085
      },
      "(0.38, 0.42]": {
        "mean": 0.4047486526212641,
        "cv": 0.027637938781371812
      },
      "(0.42, 0.47]": {
        "mean": 0.4493990313965524,
        "cv": 0.03142013450318711
      },
      "(0.47, 0.52]": {
        "mean": 0.4992024661287867,
        "cv": 0.028302833986570727
      },
      "(0.52, 0.58]": {
        "mean": 0.5536009144561904,
        "cv": 0.03073653974919321
      },
      "(0.58, 0.69]": {
        "mean": 0.6336691477536548,
        "cv": 0.049018542368237085
      },
      "(0.69, 4.39]": {
        "mean": 0.8688877594368248,
        "cv": 0.2683684490167879
      }
    }
  },
  "o3Value": {
    "daily_cv_median": 0.364784317662605,
    "daily_cv_q25": 0.256578799773699,
    "daily_cv_q75": 0.4344441406738602,
    "daily_cv_max": 0.5347365657628311,
    "weekly_cv_median": 0.4206412259624859,
    "weekly_cv_q25": 0.33123284029414474,
    "weekly_cv_q75": 0.4845554983719074,
    "n_stations": 346,
    "level_cv_data": {
      "(-0.0009, 0.0074]": {
        "mean": 0.004085518977204473,
        "cv": 0.4329325169679711
      },
      "(0.0074, 0.0151]": {
        "mean": 0.011329750252881424,
        "cv": 0.19671328245129718
      },
      "(0.0151, 0.0217]": {
        "mean": 0.018571000649303802,
        "cv": 0.10293558411282382
      },
      "(0.0217, 0.0269]": {
        "mean": 0.024469033147980514,
        "cv": 0.061291589781195664
      },
      "(0.0269, 0.031]": {
        "mean": 0.029073422264161732,
        "cv": 0.0407392834084398
      },